id,name
1,Qiancang
2,Chaves
3,Ituverava
4,Nieying
5,Sentul
6,Rymättylä
7,Erfurt
8,Xianyan
9,Zharkent
10,Pilar do Sul
11,Jianfeng
12,Burnaby
13,Ibusuki
14,Shawan
15,Maguan
16,Tukuyu
17,Nanyang
18,Jiangnan
19,Ludvika
20,Cikendi
21,Anzihao
22,Xichehe
23,Novopodrezkovo
24,"Palmas De Gran Canaria, Las"
25,Orikhiv
26,Banjar Budakeling
27,Changuinola
28,Montélimar
29,Liuzhi
30,Xinpo
31,Kulary
32,Padova
33,Razvanje
34,Shibganj
35,Baltimore
36,Ban Bang Kadi Pathum Thani
37,Chitungwiza
38,Mrzezino
39,Des Moines
40,Antsirabe
41,Fortuna
42,Ylihärmä
43,Daojiang
44,Brejieira
45,Spartanburg
46,Santiago
47,Bình Minh
48,Mošorin
49,Humaitá
50,Sendangagung
51,Chợ Mới
52,Bollnäs
53,Pasirsongket Dua
54,Maralal
55,Shiqiao
56,Al Majāridah
57,Sitovo
58,Jiangnan
59,Kowary
60,Cumadcad
61,Biyang
62,Kungur
63,Jatisari
64,Gorzyce
65,Shreveport
66,Otlja
67,Chujiang
68,Santo Antônio do Içá
69,Bezenchuk
70,Unidad
71,Māymay
72,San Miguel de Tucumán
73,Chunjing
74,Nagosela
75,Xiyuan
76,Lousado
77,Teroual
78,Karak
79,Bao’an
80,San Pedro Jocopilas
81,Zebrzydowice
82,Lundo
83,Jiadingzhen
84,Costa Nova do Prado
85,Kuala Lumpur
86,Bengtsfors
87,El Cerrito
88,Curahnongko
89,Aracruz
90,Greensboro
91,Nunutba
92,Chervone
93,Hewan
94,Candelaria
95,Comallo
96,Sokobanteng
97,Huangascar
98,Jalalaqsi
99,Lüjiabao
100,Odrinhas